directory_id,suggested_slug,name,profile_kind,website,base_region,region_focus,prefill_channel,last_verified,missing_required_enrichment,optional_product_data
europe-austria-21energy,21energy,21energy,vendor,https://21energy.com/,Austria,Europe,independent_retailer,2026-10-08,research_id; legal_name; registration; registry_url; verification_label_and_scope; verification_url; shipping_regions; logo_or_reviewed_monogram,optional: offers; product images; seller feed
north-america-united-states-21mining,21mining,21Mining,vendor,https://21mining.com/,United States,North America,independent_retailer,2026-10-08,research_id; legal_name; registration; registry_url; verification_label_and_scope; verification_url; shipping_regions; logo_or_reviewed_monogram,optional: offers; product images; seller feed
asia-pacific-singapore-al-aamir-mining-supply,al-aamir-mining-supply,AL-AAMIR Mining Supply,vendor,https://www.al-aamir.shop/,Singapore,Asia-Pacific,independent_retailer,2026-10-08,research_id; legal_name; registration; registry_url; verification_label_and_scope; verification_url; shipping_regions; logo_or_reviewed_monogram,optional: offers; product images; seller feed
latin-america-chile-andes-solar-hash,andes-solar-hash,Andes Solar Hash,vendor,https://andessolarhash.com/,Chile,Latin America,independent_retailer,2026-10-08,research_id; legal_name; registration; registry_url; verification_label_and_scope; verification_url; shipping_regions; logo_or_reviewed_monogram,optional: offers; product images; seller feed
latin-america-chile-andespool,andespool,AndesPool,vendor,https://andespool.com/,Chile,Latin America,independent_retailer,2026-10-08,research_id; legal_name; registration; registry_url; verification_label_and_scope; verification_url; shipping_regions; logo_or_reviewed_monogram,optional: offers; product images; seller feed
europe-spain-asic-equipment,asic-equipment,ASIC Equipment,vendor,https://asicequipment.com/,Spain,Europe,independent_retailer,2026-10-08,research_id; legal_name; registration; registry_url; verification_label_and_scope; verification_url; shipping_regions; logo_or_reviewed_monogram,optional: offers; product images; seller feed
north-america-canada-united-states-asic-jungle,asic-jungle,ASIC Jungle,vendor,https://asicjungle.com/,Canada / United States,North America,independent_retailer,2026-10-08,research_id; legal_name; registration; registry_url; verification_label_and_scope; verification_url; shipping_regions; logo_or_reviewed_monogram,optional: offers; product images; seller feed
public-warning-records-global-asic-kings-asickings-variants,asic-kings-asickings-variants,ASIC Kings / ASICKings variants,warning_record,,Global,Public warning records,warning_record,2026-10-08,research_id; warning_scope; affected_domains_or_names; primary_warning_source; logo_or_reviewed_monogram,optional: offers; product images; seller feed
asia-pacific-hong-kong-asic-marketplace,asic-marketplace,ASIC Marketplace,vendor,https://asicmarketplace.com/,Hong Kong,Asia-Pacific,marketplace,2026-10-08,research_id; legal_name; registration; registry_url; verification_label_and_scope; verification_url; shipping_regions; logo_or_reviewed_monogram,optional: offers; product images; seller feed
europe-spain-asic-miner-group,asic-miner-group,ASIC Miner Group,vendor,https://asicminergroup.com/,Spain,Europe,independent_retailer,2026-10-08,research_id; legal_name; registration; registry_url; verification_label_and_scope; verification_url; shipping_regions; logo_or_reviewed_monogram,optional: offers; product images; seller feed
north-america-canada-asic-miners-canada,asic-miners-canada,ASIC MINERS Canada,vendor,https://asicminers.ca/,Canada,North America,independent_retailer,2026-10-08,research_id; legal_name; registration; registry_url; verification_label_and_scope; verification_url; shipping_regions; logo_or_reviewed_monogram,optional: offers; product images; seller feed
north-america-united-states-asic-miners-us,asic-miners-us,ASIC Miners US,vendor,https://asicminersus.com/,United States,North America,independent_retailer,2026-10-08,research_id; legal_name; registration; registry_url; verification_label_and_scope; verification_url; shipping_regions; logo_or_reviewed_monogram,optional: offers; product images; seller feed
europe-spain-asic-es,asic-es,ASIC.es,vendor,https://asic.es/,Spain,Europe,independent_retailer,2026-10-08,research_id; legal_name; registration; registry_url; verification_label_and_scope; verification_url; shipping_regions; logo_or_reviewed_monogram,optional: offers; product images; seller feed
public-warning-records-global-asicminers-shop-similarly-named-clone-stores,asicminers-shop-similarly-named-clone-stores,ASICMiners.shop / similarly named clone stores,warning_record,,Global,Public warning records,warning_record,2026-10-08,research_id; warning_scope; affected_domains_or_names; primary_warning_source; logo_or_reviewed_monogram,optional: offers; product images; seller feed
north-america-canada-asicxchange,asicxchange,ASICXchange,vendor,https://asicxchange.com/,Canada,North America,independent_retailer,2026-10-08,research_id; legal_name; registration; registry_url; verification_label_and_scope; verification_url; shipping_regions; logo_or_reviewed_monogram,optional: offers; product images; seller feed
europe-switzerland-avalans,avalans,AVALANS,vendor,https://avalans.ch/,Switzerland,Europe,independent_retailer,2026-10-08,research_id; legal_name; registration; registry_url; verification_label_and_scope; verification_url; shipping_regions; logo_or_reviewed_monogram,optional: offers; product images; seller feed
latin-america-argentina-bidcom,bidcom,Bidcom,vendor,https://www.bidcom.com.ar/mineria-bitcoins-criptomonedas,Argentina,Latin America,independent_retailer,2026-10-08,research_id; legal_name; registration; registry_url; verification_label_and_scope; verification_url; shipping_regions; logo_or_reviewed_monogram,optional: offers; product images; seller feed
middle-east-united-arab-emirates-bitcore-miners-ae,bitcore-miners-ae,Bitcore Miners AE,vendor,https://bitcoreminers.com/,United Arab Emirates,Middle East,independent_retailer,2026-10-08,research_id; legal_name; registration; registry_url; verification_label_and_scope; verification_url; shipping_regions; logo_or_reviewed_monogram,optional: offers; product images; seller feed
latin-america-brazil-bitmain-brasil-bitmain-com-br,bitmain-brasil-bitmain-com-br,Bitmain Brasil (bitmain.com.br),vendor,https://bitmain.com.br/,Brazil,Latin America,independent_retailer,2026-10-08,research_id; legal_name; registration; registry_url; verification_label_and_scope; verification_url; shipping_regions; logo_or_reviewed_monogram,optional: offers; product images; seller feed
africa-south-africa-bitmart-co-za,bitmart-co-za,Bitmart.co.za,vendor,https://www.bitmart.co.za/,South Africa,Africa,independent_retailer,2026-10-08,research_id; legal_name; registration; registry_url; verification_label_and_scope; verification_url; shipping_regions; logo_or_reviewed_monogram,optional: offers; product images; seller feed
europe-germany-bitshopper-de,bitshopper-de,bitshopper.de,vendor,https://www.bitshopper.de/en/,Germany,Europe,independent_retailer,2026-10-08,research_id; legal_name; registration; registry_url; verification_label_and_scope; verification_url; shipping_regions; logo_or_reviewed_monogram,optional: offers; product images; seller feed
north-america-united-states-blockware-solutions-marketplace,blockware-solutions-marketplace,Blockware Solutions Marketplace,vendor,https://marketplace.blockwaresolutions.com/,United States,North America,marketplace,2026-10-08,research_id; legal_name; registration; registry_url; verification_label_and_scope; verification_url; shipping_regions; logo_or_reviewed_monogram,optional: offers; product images; seller feed
asia-pacific-singapore-china-canaan-official-shop,canaan-official-shop,Canaan official shop,vendor,https://shop.canaan.io/,Singapore / China,Asia-Pacific,manufacturer,2026-10-08,research_id; legal_name; registration; registry_url; verification_label_and_scope; verification_url; shipping_regions; logo_or_reviewed_monogram,optional: offers; product images; seller feed
north-america-canada-captainmining,captainmining,CaptainMining,vendor,https://captainmining.com/,Canada,North America,independent_retailer,2026-10-08,research_id; legal_name; registration; registry_url; verification_label_and_scope; verification_url; shipping_regions; logo_or_reviewed_monogram,optional: offers; product images; seller feed
north-america-united-states-coastal-crypto,coastal-crypto,Coastal Crypto,vendor,https://coastalcryptomining.com/,United States,North America,independent_retailer,2026-10-08,research_id; legal_name; registration; registry_url; verification_label_and_scope; verification_url; shipping_regions; logo_or_reviewed_monogram,optional: offers; product images; seller feed
europe-czech-republic-coin-factory,coin-factory,Coin Factory,vendor,https://www.coin-factory.cz/,Czech Republic,Europe,independent_retailer,2026-10-08,research_id; legal_name; registration; registry_url; verification_label_and_scope; verification_url; shipping_regions; logo_or_reviewed_monogram,optional: offers; product images; seller feed
europe-united-kingdom-coin-mining-central,coin-mining-central,Coin Mining Central,vendor,https://coinminingcentral.com/,United Kingdom,Europe,independent_retailer,2026-10-08,research_id; legal_name; registration; registry_url; verification_label_and_scope; verification_url; shipping_regions; logo_or_reviewed_monogram,optional: offers; product images; seller feed
north-america-united-states-compass-mining,compass-mining,Compass Mining,vendor,https://compassmining.io/,United States,North America,broker_hosting,2026-10-08,research_id; legal_name; registration; registry_url; verification_label_and_scope; verification_url; shipping_regions; logo_or_reviewed_monogram,optional: offers; product images; seller feed
europe-austria-corehash,corehash,COREHASH,vendor,https://corehash.de/,Austria,Europe,independent_retailer,2026-10-08,research_id; legal_name; registration; registry_url; verification_label_and_scope; verification_url; shipping_regions; logo_or_reviewed_monogram,optional: offers; product images; seller feed
europe-germany-cryptohall24,cryptohall24,Cryptohall24,vendor,https://www.cryptohall24.com/,Germany,Europe,independent_retailer,2026-10-08,research_id; legal_name; registration; registry_url; verification_label_and_scope; verification_url; shipping_regions; logo_or_reviewed_monogram,optional: offers; product images; seller feed
middle-east-united-arab-emirates-cryptominers-ae,cryptominers-ae,CryptoMiners.ae,vendor,https://cryptominers.ae/,United Arab Emirates,Middle East,independent_retailer,2026-10-08,research_id; legal_name; registration; registry_url; verification_label_and_scope; verification_url; shipping_regions; logo_or_reviewed_monogram,optional: offers; product images; seller feed
north-america-canada-d-central-technologies,d-central-technologies,D-Central Technologies,vendor,https://d-central.tech/,Canada,North America,independent_retailer,2026-10-08,research_id; legal_name; registration; registry_url; verification_label_and_scope; verification_url; shipping_regions; logo_or_reviewed_monogram,optional: offers; product images; seller feed
north-america-united-states-east-coast-asic,east-coast-asic,East Coast ASIC,vendor,https://eastcoastasic.com/,United States,North America,independent_retailer,2026-10-08,research_id; legal_name; registration; registry_url; verification_label_and_scope; verification_url; shipping_regions; logo_or_reviewed_monogram,optional: offers; product images; seller feed
public-warning-records-global-lookalike-domains-fake-clone-official-antminer-domains,fake-clone-official-antminer-domains,Fake/clone 'official Antminer' domains,warning_record,,Global lookalike domains,Public warning records,warning_record,2026-10-08,research_id; warning_scope; affected_domains_or_names; primary_warning_source; logo_or_reviewed_monogram,optional: offers; product images; seller feed
asia-pacific-china-goldshell-official-shop,goldshell-official-shop,Goldshell official shop,vendor,https://www.goldshell.com/shop/,China,Asia-Pacific,manufacturer,2026-10-08,research_id; legal_name; registration; registry_url; verification_label_and_scope; verification_url; shipping_regions; logo_or_reviewed_monogram,optional: offers; product images; seller feed
europe-france-happy-mining,happy-mining,Happy Mining,vendor,https://happymining.fr/,France,Europe,independent_retailer,2026-10-08,research_id; legal_name; registration; registry_url; verification_label_and_scope; verification_url; shipping_regions; logo_or_reviewed_monogram,optional: offers; product images; seller feed
africa-south-africa-hashrate-co-za,hashrate-co-za,Hashrate.co.za,vendor,https://www.hashrate.co.za/,South Africa,Africa,independent_retailer,2026-10-08,research_id; legal_name; registration; registry_url; verification_label_and_scope; verification_url; shipping_regions; logo_or_reviewed_monogram,optional: offers; product images; seller feed
asia-pacific-hong-kong-global-iceriver-official,iceriver-official,ICERIVER official,vendor,https://www.iceriver.io/,Hong Kong / global,Asia-Pacific,manufacturer,2026-10-08,research_id; legal_name; registration; registry_url; verification_label_and_scope; verification_url; shipping_regions; logo_or_reviewed_monogram,optional: offers; product images; seller feed
north-america-united-states-ing-mining,ing-mining,ING Mining,vendor,https://ingmining.com/,United States,North America,independent_retailer,2026-10-08,research_id; legal_name; registration; registry_url; verification_label_and_scope; verification_url; shipping_regions; logo_or_reviewed_monogram,optional: offers; product images; seller feed
europe-germany-intermine-solutions,intermine-solutions,Intermine Solutions,vendor,https://www.intermine-solutions.de/,Germany,Europe,independent_retailer,2026-10-08,research_id; legal_name; registration; registry_url; verification_label_and_scope; verification_url; shipping_regions; logo_or_reviewed_monogram,optional: offers; product images; seller feed
europe-italy-italy-mining,italy-mining,Italy Mining,vendor,https://italymining.eu/,Italy,Europe,independent_retailer,2026-10-08,research_id; legal_name; registration; registry_url; verification_label_and_scope; verification_url; shipping_regions; logo_or_reviewed_monogram,optional: offers; product images; seller feed
north-america-united-states-kaboomracks,kaboomracks,Kaboomracks,vendor,https://kaboomracks.com/,United States,North America,independent_retailer,2026-10-08,research_id; legal_name; registration; registry_url; verification_label_and_scope; verification_url; shipping_regions; logo_or_reviewed_monogram,optional: offers; product images; seller feed
middle-east-united-arab-emirates-keep-hashing,keep-hashing,Keep Hashing,vendor,https://keephashing.com/,United Arab Emirates,Middle East,independent_retailer,2026-10-08,research_id; legal_name; registration; registry_url; verification_label_and_scope; verification_url; shipping_regions; logo_or_reviewed_monogram,optional: offers; product images; seller feed
latin-america-argentina-mexico-brazil-other-mercado-libre-countries-mercado-libre-marketplace,mercado-libre-marketplace,Mercado Libre marketplace,vendor,https://www.mercadolibre.com/,Argentina / Mexico / Brazil / other Mercado Libre countries,Latin America,marketplace,2026-10-08,research_id; legal_name; registration; registry_url; verification_label_and_scope; verification_url; shipping_regions; logo_or_reviewed_monogram,optional: offers; product images; seller feed
latin-america-mexico-mercado-minero,mercado-minero,Mercado Minero,vendor,https://mercadominero.com.mx/,Mexico,Latin America,independent_retailer,2026-10-08,research_id; legal_name; registration; registry_url; verification_label_and_scope; verification_url; shipping_regions; logo_or_reviewed_monogram,optional: offers; product images; seller feed
asia-pacific-china-microbt-whatsminer-official-shop,microbt-whatsminer-official-shop,MicroBT / WhatsMiner official shop,vendor,https://shop.whatsminer.com/,China,Asia-Pacific,manufacturer,2026-10-08,research_id; legal_name; registration; registry_url; verification_label_and_scope; verification_url; shipping_regions; logo_or_reviewed_monogram,optional: offers; product images; seller feed
europe-germany-china-millionminer,millionminer,MillionMiner,vendor,https://millionminer.com/,Germany / China,Europe,independent_retailer,2026-10-08,research_id; legal_name; registration; registry_url; verification_label_and_scope; verification_url; shipping_regions; logo_or_reviewed_monogram,optional: offers; product images; seller feed
europe-france-minent,minent,Minent,vendor,https://minent.eu/,France,Europe,independent_retailer,2026-10-08,research_id; legal_name; registration; registry_url; verification_label_and_scope; verification_url; shipping_regions; logo_or_reviewed_monogram,optional: offers; product images; seller feed
europe-slovakia-miner-house,miner-house,Miner House,vendor,https://miner-house.com/,Slovakia,Europe,independent_retailer,2026-10-08,research_id; legal_name; registration; registry_url; verification_label_and_scope; verification_url; shipping_regions; logo_or_reviewed_monogram,optional: offers; product images; seller feed
latin-america-brazil-minerabit,minerabit,MineraBit,vendor,https://www.minerabit.com.br/,Brazil,Latin America,independent_retailer,2026-10-08,research_id; legal_name; registration; registry_url; verification_label_and_scope; verification_url; shipping_regions; logo_or_reviewed_monogram,optional: offers; product images; seller feed
north-america-canada-miners-market,miners-market,Miners Market,vendor,https://minersmarket.ca/,Canada,North America,independent_retailer,2026-10-08,research_id; legal_name; registration; registry_url; verification_label_and_scope; verification_url; shipping_regions; logo_or_reviewed_monogram,optional: offers; product images; seller feed
europe-germany-miners-de,miners-de,Miners.de,vendor,https://miners.de/,Germany,Europe,independent_retailer,2026-10-08,research_id; legal_name; registration; registry_url; verification_label_and_scope; verification_url; shipping_regions; logo_or_reviewed_monogram,optional: offers; product images; seller feed
europe-poland-miners-pl,miners-pl,Miners.pl,vendor,https://miners.pl/,Poland,Europe,independent_retailer,2026-10-08,research_id; legal_name; registration; registry_url; verification_label_and_scope; verification_url; shipping_regions; logo_or_reviewed_monogram,optional: offers; product images; seller feed
asia-pacific-hong-kong-china-minersource-shop,minersource-shop,MinerSource.shop,vendor,https://minersource.shop/,Hong Kong / China,Asia-Pacific,independent_retailer,2026-10-08,research_id; legal_name; registration; registry_url; verification_label_and_scope; verification_url; shipping_regions; logo_or_reviewed_monogram,optional: offers; product images; seller feed
asia-pacific-australia-mining-store-australia,mining-store-australia,Mining Store Australia,vendor,https://www.miningstore.com.au/,Australia,Asia-Pacific,independent_retailer,2026-10-08,research_id; legal_name; registration; registry_url; verification_label_and_scope; verification_url; shipping_regions; logo_or_reviewed_monogram,optional: offers; product images; seller feed
north-america-united-states-mining-syndicate,mining-syndicate,Mining Syndicate,vendor,https://miningsyndicate.com/,United States,North America,independent_retailer,2026-10-08,research_id; legal_name; registration; registry_url; verification_label_and_scope; verification_url; shipping_regions; logo_or_reviewed_monogram,optional: offers; product images; seller feed
europe-germany-mining-technologies,mining-technologies,Mining Technologies,vendor,https://www.mining-technologies.de/,Germany,Europe,independent_retailer,2026-10-08,research_id; legal_name; registration; registry_url; verification_label_and_scope; verification_url; shipping_regions; logo_or_reviewed_monogram,optional: offers; product images; seller feed
europe-netherlands-mining-wholesale,mining-wholesale,Mining Wholesale,vendor,https://miningwholesale.eu/,Netherlands,Europe,independent_retailer,2026-10-08,research_id; legal_name; registration; registry_url; verification_label_and_scope; verification_url; shipping_regions; logo_or_reviewed_monogram,optional: offers; product images; seller feed
asia-pacific-india-miningshop-in,miningshop-in,MiningShop.in,vendor,https://miningshop.in/,India,Asia-Pacific,independent_retailer,2026-10-08,research_id; legal_name; registration; registry_url; verification_label_and_scope; verification_url; shipping_regions; logo_or_reviewed_monogram,optional: offers; product images; seller feed
north-america-united-states-musk-miners,musk-miners,Musk Miners,vendor,https://www.muskminers.com/,United States,North America,independent_retailer,2026-10-08,research_id; legal_name; registration; registry_url; verification_label_and_scope; verification_url; shipping_regions; logo_or_reviewed_monogram,optional: offers; product images; seller feed
africa-kenya-omining,omining,Omining,vendor,https://omining.com/,Kenya,Africa,independent_retailer,2026-10-08,research_id; legal_name; registration; registry_url; verification_label_and_scope; verification_url; shipping_regions; logo_or_reviewed_monogram,optional: offers; product images; seller feed
asia-pacific-japan-osl-japan-mining-service,osl-japan-mining-service,OSL Japan mining service,vendor,https://www.osl.com/jp/mining_lp,Japan,Asia-Pacific,independent_retailer,2026-10-08,research_id; legal_name; registration; registry_url; verification_label_and_scope; verification_url; shipping_regions; logo_or_reviewed_monogram,optional: offers; product images; seller feed
europe-czech-republic-pc-praha,pc-praha,PC Praha,vendor,https://pcpraha.cz/,Czech Republic,Europe,independent_retailer,2026-10-08,research_id; legal_name; registration; registry_url; verification_label_and_scope; verification_url; shipping_regions; logo_or_reviewed_monogram,optional: offers; product images; seller feed
middle-east-united-arab-emirates-phoenix-store-phoenix-group,phoenix-store-phoenix-group,Phoenix Store / Phoenix Group,vendor,https://phoenix.store/,United Arab Emirates,Middle East,independent_retailer,2026-10-08,research_id; legal_name; registration; registry_url; verification_label_and_scope; verification_url; shipping_regions; logo_or_reviewed_monogram,optional: offers; product images; seller feed
middle-east-saudi-arabia-gcc-phoenix-store-regional-channel,phoenix-store-regional-channel,Phoenix Store regional channel,vendor,https://phoenix.store/,Saudi Arabia / GCC,Middle East,independent_retailer,2026-10-08,research_id; legal_name; registration; registry_url; verification_label_and_scope; verification_url; shipping_regions; logo_or_reviewed_monogram,optional: offers; product images; seller feed
north-america-united-states-print-crypto,print-crypto,Print Crypto,vendor,https://printcrypto.io/,United States,North America,independent_retailer,2026-10-08,research_id; legal_name; registration; registry_url; verification_label_and_scope; verification_url; shipping_regions; logo_or_reviewed_monogram,optional: offers; product images; seller feed
asia-pacific-new-zealand-rc-hobbies-nz,rc-hobbies-nz,RC Hobbies NZ,vendor,https://www.rchobbies.co.nz/asic-miners/,New Zealand,Asia-Pacific,independent_retailer,2026-10-08,research_id; legal_name; registration; registry_url; verification_label_and_scope; verification_url; shipping_regions; logo_or_reviewed_monogram,optional: offers; product images; seller feed
africa-south-africa-sa-crypto-miners,sa-crypto-miners,SA Crypto Miners,vendor,https://sacryptominers.com/,South Africa,Africa,independent_retailer,2026-10-08,research_id; legal_name; registration; registry_url; verification_label_and_scope; verification_url; shipping_regions; logo_or_reviewed_monogram,optional: offers; product images; seller feed
europe-united-kingdom-titan-crypto,titan-crypto,Titan Crypto,vendor,https://www.titancryptoltd.com/,United Kingdom,Europe,independent_retailer,2026-10-08,research_id; legal_name; registration; registry_url; verification_label_and_scope; verification_url; shipping_regions; logo_or_reviewed_monogram,optional: offers; product images; seller feed
asia-pacific-hong-kong-uminers,uminers,Uminers,vendor,https://uminers.com/,Hong Kong,Asia-Pacific,independent_retailer,2026-10-08,research_id; legal_name; registration; registry_url; verification_label_and_scope; verification_url; shipping_regions; logo_or_reviewed_monogram,optional: offers; product images; seller feed
north-america-united-states-usa-miners,usa-miners,USA-MINERS,vendor,https://www.usa-miners.com/,United States,North America,independent_retailer,2026-10-08,research_id; legal_name; registration; registry_url; verification_label_and_scope; verification_url; shipping_regions; logo_or_reviewed_monogram,optional: offers; product images; seller feed
north-america-canada-viperatech,viperatech,ViperaTech,vendor,https://viperatech.com/,Canada,North America,independent_retailer,2026-10-08,research_id; legal_name; registration; registry_url; verification_label_and_scope; verification_url; shipping_regions; logo_or_reviewed_monogram,optional: offers; product images; seller feed
asia-pacific-hong-kong-china-woyou-miner,woyou-miner,WOYOU Miner,vendor,https://woyouminer.com/,Hong Kong / China,Asia-Pacific,independent_retailer,2026-10-08,research_id; legal_name; registration; registry_url; verification_label_and_scope; verification_url; shipping_regions; logo_or_reviewed_monogram,optional: offers; product images; seller feed
latin-america-paraguay-xiaomi-zone-paraguay,xiaomi-zone-paraguay,Xiaomi Zone Paraguay,vendor,https://www.xiaomizone.com.py/,Paraguay,Latin America,independent_retailer,2026-10-08,research_id; legal_name; registration; registry_url; verification_label_and_scope; verification_url; shipping_regions; logo_or_reviewed_monogram,optional: offers; product images; seller feed
north-america-united-states-unknown-z15pro860-com,z15pro860-com,z15pro860.com,vendor,https://www.z15pro860.com/,United States / unknown,North America,independent_retailer,2026-10-08,research_id; legal_name; registration; registry_url; verification_label_and_scope; verification_url; shipping_regions; logo_or_reviewed_monogram,optional: offers; product images; seller feed
asia-pacific-hong-kong-zeus-mining-zeusbtc-com,zeus-mining-zeusbtc-com,ZEUS Mining (zeusbtc.com),vendor,https://www.zeusbtc.com/,Hong Kong,Asia-Pacific,independent_retailer,2026-10-08,research_id; legal_name; registration; registry_url; verification_label_and_scope; verification_url; shipping_regions; logo_or_reviewed_monogram,optional: offers; product images; seller feed
